model,split,average_precision,roc_auc,log_loss,brier_score,accuracy,precision,recall,f1,threshold,tn,fp,fn,tp,alerts,positive_rate,rows
baseline,validation,0.16130244,0.50000000,0.44194111,0.13531643,0.83869756,0.00000000,0.00000000,0.00000000,0.50000000,6697,0,1288,0,0,0.16130244,7985
logistic_regression,validation,0.27388591,0.63965458,0.42052618,0.12914288,0.63994991,0.23399262,0.54192547,0.32685554,0.18113233,4412,2285,590,698,2983,0.16130244,7985
logistic_regression_sigmoid,validation,0.27388591,0.63965458,0.42085357,0.12922526,0.63994991,0.23399262,0.54192547,0.32685554,0.19035444,4412,2285,590,698,2983,0.16130244,7985
random_forest,validation,0.26027497,0.63991757,0.42866711,0.13148215,0.66875391,0.24482888,0.50543478,0.32987079,0.17482821,4689,2008,637,651,2659,0.16130244,7985
random_forest_sigmoid,validation,0.26027497,0.63991757,0.43026124,0.13147599,0.66875391,0.24482888,0.50543478,0.32987079,0.18464475,4689,2008,637,651,2659,0.16130244,7985
baseline,test,0.17422345,0.50000000,0.46270562,0.14392181,0.82577655,0.00000000,0.00000000,0.00000000,0.50000000,6593,0,1391,0,0,0.17422345,7984
logistic_regression,test,0.28503951,0.64396022,0.44107989,0.13748065,0.63426854,0.25314821,0.56362329,0.34937611,0.18113233,4280,2313,607,784,3097,0.17422345,7984
logistic_regression_sigmoid,test,0.28503951,0.64396022,0.44064550,0.13736467,0.63426854,0.25314821,0.56362329,0.34937611,0.19035444,4280,2313,607,784,3097,0.17422345,7984
random_forest,test,0.28212898,0.64559213,0.44946223,0.14006581,0.66708417,0.26476049,0.51258088,0.34916748,0.17482821,4613,1980,678,713,2693,0.17422345,7984
random_forest_sigmoid,test,0.28212898,0.64559213,0.44959863,0.13949780,0.66708417,0.26476049,0.51258088,0.34916748,0.18464475,4613,1980,678,713,2693,0.17422345,7984
