validation_budget_fraction,split,average_precision,roc_auc,log_loss,brier_score,accuracy,precision,recall,f1,threshold,tn,fp,fn,tp,alerts,positive_rate,rows
0.00100000,validation,0.27388591,0.63965458,0.42052618,0.12914288,0.83869756,0.00000000,0.00000000,0.00000000,0.90200020,6697,0,1288,0,0,0.16130244,7985
0.00100000,test,0.28503951,0.64396022,0.44107989,0.13748065,0.82577655,0.00000000,0.00000000,0.00000000,0.90200020,6593,0,1391,0,0,0.17422345,7984
0.00200000,validation,0.27388591,0.63965458,0.42052618,0.12914288,0.83957420,0.73333333,0.00854037,0.01688411,0.84545029,6693,4,1277,11,15,0.16130244,7985
0.00200000,test,0.28503951,0.64396022,0.44107989,0.13748065,0.82602705,0.58333333,0.00503235,0.00997862,0.84545029,6588,5,1384,7,12,0.17422345,7984
0.00500000,validation,0.27388591,0.63965458,0.42052618,0.12914288,0.83969944,0.60526316,0.01785714,0.03469080,0.57746034,6682,15,1265,23,38,0.16130244,7985
0.00500000,test,0.28503951,0.64396022,0.44107989,0.13748065,0.82702906,0.62500000,0.01797268,0.03494060,0.57746034,6578,15,1366,25,40,0.17422345,7984
0.01000000,validation,0.27388591,0.63965458,0.42052618,0.12914288,0.83982467,0.55696203,0.03416149,0.06437454,0.51972853,6662,35,1244,44,79,0.16130244,7985
0.01000000,test,0.28503951,0.64396022,0.44107989,0.13748065,0.82790581,0.61971831,0.03163192,0.06019152,0.51972853,6566,27,1347,44,71,0.17422345,7984
0.05000000,validation,0.27388591,0.63965458,0.42052618,0.12914288,0.83055729,0.41854637,0.12965839,0.19798459,0.30629780,6465,232,1121,167,399,0.16130244,7985
0.05000000,test,0.28503951,0.64396022,0.44107989,0.13748065,0.81550601,0.40144231,0.12005751,0.18483675,0.30629780,6344,249,1224,167,416,0.17422345,7984
0.10000000,validation,0.27388591,0.63965458,0.42052618,0.12914288,0.80638698,0.33834586,0.20962733,0.25886865,0.25787166,6169,528,1018,270,798,0.16130244,7985
0.10000000,test,0.28503951,0.64396022,0.44107989,0.13748065,0.79346192,0.33670886,0.19122933,0.24392481,0.25787166,6069,524,1125,266,790,0.17422345,7984
0.20000000,validation,0.27388591,0.63965458,0.42052618,0.12914288,0.77282405,0.29258675,0.28804348,0.29029734,0.21258767,5800,897,917,371,1268,0.16130244,7985
0.20000000,test,0.28503951,0.64396022,0.44107989,0.13748065,0.76214930,0.30000000,0.27390367,0.28635851,0.21258767,5704,889,1010,381,1270,0.17422345,7984
