model,binning_scheme,bin,rows,mean_score,observed_rate,rate_low,rate_high
logistic_regression,quantile,0,798,0.05302417,0.06140351,0.04675589,0.08025358
logistic_regression,quantile,1,650,0.09346069,0.11692308,0.09444130,0.14390617
logistic_regression,quantile,2,947,0.10906111,0.11826822,0.09922696,0.14039391
logistic_regression,quantile,3,795,0.12708852,0.12830189,0.10682964,0.15334897
logistic_regression,quantile,4,718,0.15359629,0.14902507,0.12484724,0.17693850
logistic_regression,quantile,5,882,0.16698261,0.16213152,0.13928128,0.18791210
logistic_regression,quantile,6,231,0.18126969,0.16883117,0.12603243,0.22246420
logistic_regression,quantile,7,1317,0.19204094,0.23993926,0.21765299,0.26373821
logistic_regression,quantile,8,847,0.22431824,0.21015348,0.18405526,0.23886895
logistic_regression,quantile,9,799,0.35638564,0.33667084,0.30475409,0.37015059
logistic_regression,uniform,0,1258,0.06614043,0.07949126,0.06579145,0.09575139
logistic_regression,uniform,1,4861,0.15042770,0.16231228,0.15221381,0.17294405
logistic_regression,uniform,2,1399,0.23338047,0.22873481,0.20748588,0.25146937
logistic_regression,uniform,3,276,0.33949415,0.32608696,0.27349863,0.38344998
logistic_regression,uniform,4,103,0.44002578,0.35922330,0.27317093,0.45539886
logistic_regression,uniform,5,50,0.54563877,0.64000000,0.50141017,0.75861250
logistic_regression,uniform,6,12,0.62814666,0.66666667,0.39062209,0.86187991
logistic_regression,uniform,7,13,0.71359804,0.61538462,0.35522892,0.82290292
logistic_regression,uniform,8,7,0.84545029,0.42857143,0.15821986,0.74954164
logistic_regression,uniform,9,5,0.90200020,0.80000000,0.37553463,0.96377589
logistic_regression_sigmoid,quantile,0,798,0.06238313,0.06140351,0.04675589,0.08025358
logistic_regression_sigmoid,quantile,1,650,0.10491114,0.11692308,0.09444130,0.14390617
logistic_regression_sigmoid,quantile,2,947,0.12060325,0.11826822,0.09922696,0.14039391
logistic_regression_sigmoid,quantile,3,795,0.13837530,0.12830189,0.10682964,0.15334897
logistic_regression_sigmoid,quantile,4,718,0.16408422,0.14902507,0.12484724,0.17693850
logistic_regression_sigmoid,quantile,5,882,0.17691065,0.16213152,0.13928128,0.18791210
logistic_regression_sigmoid,quantile,6,231,0.19048126,0.16883117,0.12603243,0.22246420
logistic_regression_sigmoid,quantile,7,1317,0.20064321,0.23993926,0.21765299,0.26373821
logistic_regression_sigmoid,quantile,8,847,0.23081447,0.21015348,0.18405526,0.23886895
logistic_regression_sigmoid,quantile,9,799,0.35197314,0.33667084,0.30475409,0.37015059
logistic_regression_sigmoid,uniform,0,994,0.06808653,0.06539235,0.05163557,0.08249542
logistic_regression_sigmoid,uniform,1,5016,0.15698064,0.16048644,0.15058896,0.17090356
logistic_regression_sigmoid,uniform,2,1508,0.23659927,0.22480106,0.20444604,0.24655460
logistic_regression_sigmoid,uniform,3,307,0.34217221,0.32899023,0.27882913,0.38337809
logistic_regression_sigmoid,uniform,4,88,0.45055402,0.42045455,0.32277092,0.52479247
logistic_regression_sigmoid,uniform,5,43,0.54868244,0.62790698,0.47859809,0.75623661
logistic_regression_sigmoid,uniform,6,15,0.67068877,0.60000000,0.35746830,0.80175504
logistic_regression_sigmoid,uniform,7,1,0.70895508,1.00000000,0.20654931,1.00000000
logistic_regression_sigmoid,uniform,8,12,0.83942582,0.58333333,0.31951131,0.80673969
